[{"model": "admin.logentry", "pk": 1, "fields": {"action_time": "2023-11-25T08:17:13.587Z", "user": 1, "content_type": 9, "object_id": "1", "object_repr": "don", "action_flag": 2, "change_message": "[{\"changed\": {\"fields\": [\"Profile photo\", \"Score\"]}}]"}}, {"model": "admin.logentry", "pk": 2, "fields": {"action_time": "2023-11-25T08:57:31.983Z", "user": 1, "content_type": 9, "object_id": "2", "object_repr": "mukozi", "action_flag": 1, "change_message": "[{\"added\": {}}]"}}, {"model": "admin.logentry", "pk": 3, "fields": {"action_time": "2023-11-25T09:02:51.333Z", "user": 1, "content_type": 9, "object_id": "2", "object_repr": "mukozi", "action_flag": 2, "change_message": "[{\"changed\": {\"fields\": [\"User permissions\", \"Profile photo\"]}}]"}}, {"model": "admin.logentry", "pk": 4, "fields": {"action_time": "2023-11-25T09:03:00.356Z", "user": 1, "content_type": 9, "object_id": "2", "object_repr": "mukozi", "action_flag": 2, "change_message": "[{\"changed\": {\"fields\": [\"Superuser status\"]}}]"}}, {"model": "admin.logentry", "pk": 5, "fields": {"action_time": "2023-11-25T09:07:15.811Z", "user": 1, "content_type": 9, "object_id": "3", "object_repr": "dondelice257", "action_flag": 1, "change_message": "[{\"added\": {}}]"}}, {"model": "admin.logentry", "pk": 6, "fields": {"action_time": "2023-11-25T09:24:46.238Z", "user": 1, "content_type": 9, "object_id": "5", "object_repr": "sonu", "action_flag": 2, "change_message": "[{\"changed\": {\"fields\": [\"Password\"]}}]"}}, {"model": "admin.logentry", "pk": 7, "fields": {"action_time": "2023-11-25T10:04:26.629Z", "user": 1, "content_type": 9, "object_id": "5", "object_repr": "sonu", "action_flag": 2, "change_message": "[{\"changed\": {\"fields\": [\"Superuser status\", \"Staff status\"]}}]"}}, {"model": "admin.logentry", "pk": 8, "fields": {"action_time": "2023-11-26T16:41:24.884Z", "user": 1, "content_type": 9, "object_id": "3", "object_repr": "dondelice257", "action_flag": 3, "change_message": ""}}, {"model": "admin.logentry", "pk": 9, "fields": {"action_time": "2023-11-26T16:42:49.857Z", "user": 1, "content_type": 9, "object_id": "9", "object_repr": "dondelice257", "action_flag": 2, "change_message": "[{\"changed\": {\"fields\": [\"First name\", \"Last name\", \"Email address\", \"Profile photo\"]}}]"}}, {"model": "admin.logentry", "pk": 10, "fields": {"action_time": "2023-12-16T20:14:53.200Z", "user": 1, "content_type": 9, "object_id": "10", "object_repr": "munika", "action_flag": 2, "change_message": "[{\"changed\": {\"fields\": [\"First name\", \"Last name\"]}}]"}}, {"model": "admin.logentry", "pk": 11, "fields": {"action_time": "2023-12-16T20:15:07.024Z", "user": 1, "content_type": 9, "object_id": "8", "object_repr": "mugina", "action_flag": 2, "change_message": "[{\"changed\": {\"fields\": [\"First name\", \"Last name\"]}}]"}}, {"model": "admin.logentry", "pk": 12, "fields": {"action_time": "2023-12-16T20:16:37.496Z", "user": 1, "content_type": 9, "object_id": "7", "object_repr": "kana", "action_flag": 2, "change_message": "[{\"changed\": {\"fields\": [\"First name\", \"Last name\"]}}]"}}, {"model": "admin.logentry", "pk": 13, "fields": {"action_time": "2023-12-16T20:16:50.783Z", "user": 1, "content_type": 9, "object_id": "6", "object_repr": "bobo", "action_flag": 2, "change_message": "[{\"changed\": {\"fields\": [\"First name\", \"Last name\"]}}]"}}, {"model": "admin.logentry", "pk": 14, "fields": {"action_time": "2023-12-16T20:17:05.351Z", "user": 1, "content_type": 9, "object_id": "5", "object_repr": "sonu", "action_flag": 2, "change_message": "[{\"changed\": {\"fields\": [\"First name\", \"Last name\"]}}]"}}, {"model": "admin.logentry", "pk": 15, "fields": {"action_time": "2023-12-16T20:17:27.296Z", "user": 1, "content_type": 9, "object_id": "4", "object_repr": "mugisha", "action_flag": 2, "change_message": "[{\"changed\": {\"fields\": [\"First name\", \"Last name\"]}}]"}}, {"model": "admin.logentry", "pk": 16, "fields": {"action_time": "2023-12-16T20:17:32.000Z", "user": 1, "content_type": 9, "object_id": "4", "object_repr": "mugisha", "action_flag": 2, "change_message": "[]"}}, {"model": "admin.logentry", "pk": 17, "fields": {"action_time": "2023-12-16T20:17:44.860Z", "user": 1, "content_type": 9, "object_id": "2", "object_repr": "mukozi", "action_flag": 2, "change_message": "[{\"changed\": {\"fields\": [\"First name\"]}}]"}}, {"model": "admin.logentry", "pk": 18, "fields": {"action_time": "2023-12-16T20:18:04.003Z", "user": 1, "content_type": 9, "object_id": "1", "object_repr": "don", "action_flag": 2, "change_message": "[{\"changed\": {\"fields\": [\"First name\", \"Last name\"]}}]"}}, {"model": "admin.logentry", "pk": 19, "fields": {"action_time": "2023-12-16T20:20:15.106Z", "user": 1, "content_type": 9, "object_id": "11", "object_repr": "yannick", "action_flag": 2, "change_message": "[{\"changed\": {\"fields\": [\"First name\", \"Last name\"]}}]"}}, {"model": "admin.logentry", "pk": 20, "fields": {"action_time": "2023-12-16T20:48:10.008Z", "user": 1, "content_type": 9, "object_id": "9", "object_repr": "dondelice257", "action_flag": 2, "change_message": "[{\"changed\": {\"fields\": [\"Score\"]}}]"}}, {"model": "admin.logentry", "pk": 21, "fields": {"action_time": "2023-12-16T20:48:33.271Z", "user": 1, "content_type": 9, "object_id": "11", "object_repr": "yannick", "action_flag": 2, "change_message": "[{\"changed\": {\"fields\": [\"Score\"]}}]"}}, {"model": "auth.permission", "pk": 1, "fields": {"name": "Can add log entry", "content_type": 1, "codename": "add_logentry"}}, {"model": "auth.permission", "pk": 2, "fields": {"name": "Can change log entry", "content_type": 1, "codename": "change_logentry"}}, {"model": "auth.permission", "pk": 3, "fields": {"name": "Can delete log entry", "content_type": 1, "codename": "delete_logentry"}}, {"model": "auth.permission", "pk": 4, "fields": {"name": "Can view log entry", "content_type": 1, "codename": "view_logentry"}}, {"model": "auth.permission", "pk": 5, "fields": {"name": "Can add permission", "content_type": 2, "codename": "add_permission"}}, {"model": "auth.permission", "pk": 6, "fields": {"name": "Can change permission", "content_type": 2, "codename": "change_permission"}}, {"model": "auth.permission", "pk": 7, "fields": {"name": "Can delete permission", "content_type": 2, "codename": "delete_permission"}}, {"model": "auth.permission", "pk": 8, "fields": {"name": "Can view permission", "content_type": 2, "codename": "view_permission"}}, {"model": "auth.permission", "pk": 9, "fields": {"name": "Can add group", "content_type": 3, "codename": "add_group"}}, {"model": "auth.permission", "pk": 10, "fields": {"name": "Can change group", "content_type": 3, "codename": "change_group"}}, {"model": "auth.permission", "pk": 11, "fields": {"name": "Can delete group", "content_type": 3, "codename": "delete_group"}}, {"model": "auth.permission", "pk": 12, "fields": {"name": "Can view group", "content_type": 3, "codename": "view_group"}}, {"model": "auth.permission", "pk": 13, "fields": {"name": "Can add content type", "content_type": 4, "codename": "add_contenttype"}}, {"model": "auth.permission", "pk": 14, "fields": {"name": "Can change content type", "content_type": 4, "codename": "change_contenttype"}}, {"model": "auth.permission", "pk": 15, "fields": {"name": "Can delete content type", "content_type": 4, "codename": "delete_contenttype"}}, {"model": "auth.permission", "pk": 16, "fields": {"name": "Can view content type", "content_type": 4, "codename": "view_contenttype"}}, {"model": "auth.permission", "pk": 17, "fields": {"name": "Can add session", "content_type": 5, "codename": "add_session"}}, {"model": "auth.permission", "pk": 18, "fields": {"name": "Can change session", "content_type": 5, "codename": "change_session"}}, {"model": "auth.permission", "pk": 19, "fields": {"name": "Can delete session", "content_type": 5, "codename": "delete_session"}}, {"model": "auth.permission", "pk": 20, "fields": {"name": "Can view session", "content_type": 5, "codename": "view_session"}}, {"model": "auth.permission", "pk": 21, "fields": {"name": "Can add ibisokozo collected", "content_type": 6, "codename": "add_ibisokozocollected"}}, {"model": "auth.permission", "pk": 22, "fields": {"name": "Can change ibisokozo collected", "content_type": 6, "codename": "change_ibisokozocollected"}}, {"model": "auth.permission", "pk": 23, "fields": {"name": "Can delete ibisokozo collected", "content_type": 6, "codename": "delete_ibisokozocollected"}}, {"model": "auth.permission", "pk": 24, "fields": {"name": "Can view ibisokozo collected", "content_type": 6, "codename": "view_ibisokozocollected"}}, {"model": "auth.permission", "pk": 25, "fields": {"name": "Can add igisokozo", "content_type": 7, "codename": "add_igisokozo"}}, {"model": "auth.permission", "pk": 26, "fields": {"name": "Can change igisokozo", "content_type": 7, "codename": "change_igisokozo"}}, {"model": "auth.permission", "pk": 27, "fields": {"name": "Can delete igisokozo", "content_type": 7, "codename": "delete_igisokozo"}}, {"model": "auth.permission", "pk": 28, "fields": {"name": "Can view igisokozo", "content_type": 7, "codename": "view_igisokozo"}}, {"model": "auth.permission", "pk": 29, "fields": {"name": "Can add inyishu igisokozo", "content_type": 8, "codename": "add_inyishuigisokozo"}}, {"model": "auth.permission", "pk": 30, "fields": {"name": "Can change inyishu igisokozo", "content_type": 8, "codename": "change_inyishuigisokozo"}}, {"model": "auth.permission", "pk": 31, "fields": {"name": "Can delete inyishu igisokozo", "content_type": 8, "codename": "delete_inyishuigisokozo"}}, {"model": "auth.permission", "pk": 32, "fields": {"name": "Can view inyishu igisokozo", "content_type": 8, "codename": "view_inyishuigisokozo"}}, {"model": "auth.permission", "pk": 33, "fields": {"name": "Can add user", "content_type": 9, "codename": "add_customuser"}}, {"model": "auth.permission", "pk": 34, "fields": {"name": "Can change user", "content_type": 9, "codename": "change_customuser"}}, {"model": "auth.permission", "pk": 35, "fields": {"name": "Can delete user", "content_type": 9, "codename": "delete_customuser"}}, {"model": "auth.permission", "pk": 36, "fields": {"name": "Can view user", "content_type": 9, "codename": "view_customuser"}}, {"model": "auth.permission", "pk": 37, "fields": {"name": "Can add inyishu", "content_type": 10, "codename": "add_inyishu"}}, {"model": "auth.permission", "pk": 38, "fields": {"name": "Can change inyishu", "content_type": 10, "codename": "change_inyishu"}}, {"model": "auth.permission", "pk": 39, "fields": {"name": "Can delete inyishu", "content_type": 10, "codename": "delete_inyishu"}}, {"model": "auth.permission", "pk": 40, "fields": {"name": "Can view inyishu", "content_type": 10, "codename": "view_inyishu"}}, {"model": "auth.permission", "pk": 41, "fields": {"name": "Can add ikibazo", "content_type": 11, "codename": "add_ikibazo"}}, {"model": "auth.permission", "pk": 42, "fields": {"name": "Can change ikibazo", "content_type": 11, "codename": "change_ikibazo"}}, {"model": "auth.permission", "pk": 43, "fields": {"name": "Can delete ikibazo", "content_type": 11, "codename": "delete_ikibazo"}}, {"model": "auth.permission", "pk": 44, "fields": {"name": "Can view ikibazo", "content_type": 11, "codename": "view_ikibazo"}}, {"model": "auth.permission", "pk": 45, "fields": {"name": "Can add Token", "content_type": 12, "codename": "add_token"}}, {"model": "auth.permission", "pk": 46, "fields": {"name": "Can change Token", "content_type": 12, "codename": "change_token"}}, {"model": "auth.permission", "pk": 47, "fields": {"name": "Can delete Token", "content_type": 12, "codename": "delete_token"}}, {"model": "auth.permission", "pk": 48, "fields": {"name": "Can view Token", "content_type": 12, "codename": "view_token"}}, {"model": "auth.permission", "pk": 49, "fields": {"name": "Can add token", "content_type": 13, "codename": "add_tokenproxy"}}, {"model": "auth.permission", "pk": 50, "fields": {"name": "Can change token", "content_type": 13, "codename": "change_tokenproxy"}}, {"model": "auth.permission", "pk": 51, "fields": {"name": "Can delete token", "content_type": 13, "codename": "delete_tokenproxy"}}, {"model": "auth.permission", "pk": 52, "fields": {"name": "Can view token", "content_type": 13, "codename": "view_tokenproxy"}}, {"model": "contenttypes.contenttype", "pk": 1, "fields": {"app_label": "admin", "model": "logentry"}}, {"model": "contenttypes.contenttype", "pk": 2, "fields": {"app_label": "auth", "model": "permission"}}, {"model": "contenttypes.contenttype", "pk": 3, "fields": {"app_label": "auth", "model": "group"}}, {"model": "contenttypes.contenttype", "pk": 4, "fields": {"app_label": "contenttypes", "model": "contenttype"}}, {"model": "contenttypes.contenttype", "pk": 5, "fields": {"app_label": "sessions", "model": "session"}}, {"model": "contenttypes.contenttype", "pk": 6, "fields": {"app_label": "api", "model": "ibisokozocollected"}}, {"model": "contenttypes.contenttype", "pk": 7, "fields": {"app_label": "api", "model": "igisokozo"}}, {"model": "contenttypes.contenttype", "pk": 8, "fields": {"app_label": "api", "model": "inyishuigisokozo"}}, {"model": "contenttypes.contenttype", "pk": 9, "fields": {"app_label": "api", "model": "customuser"}}, {"model": "contenttypes.contenttype", "pk": 10, "fields": {"app_label": "api", "model": "inyishu"}}, {"model": "contenttypes.contenttype", "pk": 11, "fields": {"app_label": "api", "model": "ikibazo"}}, {"model": "contenttypes.contenttype", "pk": 12, "fields": {"app_label": "authtoken", "model": "token"}}, {"model": "contenttypes.contenttype", "pk": 13, "fields": {"app_label": "authtoken", "model": "tokenproxy"}}, {"model": "sessions.session", "pk": "leih3em4azim4arjsmogv1nxo5ur41bn", "fields": {"session_data": ".eJxVjMEOwiAQRP-FsyEpdIH16N1vICy7StXQpLSnxn9Xkh70MJd5b2ZXMW1riVuTJU6szmpQp9-OUn5K7YAfqd5nnee6LhPpruiDNn2dWV6Xw_07KKmVvmbwgAJ-DMTCYPPNGu8dZYvBjN-wQwAXSIQtGUSiAckKZhdMIvX-AOPIOAI:1r6psY:aQ4NXFDynDZUjUAiW1hoD5ICTzqDxbusQol_hHRptns", "expire_date": "2023-12-09T10:27:14.004Z"}}, {"model": "sessions.session", "pk": "v80rtln84sumlr2u26f0i21hcocdj9to", "fields": {"session_data": ".eJxVjMEOwiAQRP-FsyEpdIH16N1vICy7StXQpLSnxn9Xkh70MJd5b2ZXMW1riVuTJU6szmpQp9-OUn5K7YAfqd5nnee6LhPpruiDNn2dWV6Xw_07KKmVvmbwgAJ-DMTCYPPNGu8dZYvBjN-wQwAXSIQtGUSiAckKZhdMIvX-AOPIOAI:1rEA4y:OdqEUO6Ilee1iVXpvGqlgvHLRAb7enLZGgQqCZMOZhE", "expire_date": "2023-12-29T15:26:20.808Z"}}, {"model": "api.customuser", "pk": 1, "fields": {"password": "pbkdf2_sha256$260000$9J5eIikrak8pLVaE5hqlm2$qV7LNTnOQhv1k/OCnmmuZhejHA1yaN8lv7xipUYqflY=", "last_login": "2023-12-15T15:26:20Z", "is_superuser": true, "username": "don", "first_name": "francis", "last_name": "dusupay", "email": "don@gmail.com", "is_staff": true, "is_active": true, "date_joined": "2023-11-25T08:08:53Z", "profile_photo": "Screenshot_from_2023-11-22_13-46-49.png", "score": 14, "groups": [], "user_permissions": []}}, {"model": "api.customuser", "pk": 2, "fields": {"password": "pass123456", "last_login": null, "is_superuser": true, "username": "mukozi", "first_name": "alexandre", "last_name": "mukozi", "email": "mukozi@gmail.com", "is_staff": false, "is_active": true, "date_joined": "2023-11-25T08:56:45Z", "profile_photo": "", "score": 0, "groups": [], "user_permissions": [36]}}, {"model": "api.customuser", "pk": 4, "fields": {"password": "pbkdf2_sha256$260000$JI4zCsh7kZ3WrPulv53dPO$FVpz7+dkAbjreYXRtnReQsUKevPIHNpLDrxghS2ILBw=", "last_login": null, "is_superuser": true, "username": "mugisha", "first_name": "yanus", "last_name": "mugisha", "email": "m@g.com", "is_staff": true, "is_active": true, "date_joined": "2023-11-25T09:17:18Z", "profile_photo": "", "score": 0, "groups": [], "user_permissions": []}}, {"model": "api.customuser", "pk": 5, "fields": {"password": "pass123456", "last_login": null, "is_superuser": true, "username": "sonu", "first_name": "sonu", "last_name": "yaloda", "email": "sonu@xyz.com", "is_staff": true, "is_active": true, "date_joined": "2023-11-25T09:23:02Z", "profile_photo": "", "score": 0, "groups": [], "user_permissions": []}}, {"model": "api.customuser", "pk": 6, "fields": {"password": "pbkdf2_sha256$260000$mdk20M82joL3vrx4cAE0Gz$eOrRE3fxktxitl8lxXz9KGQxAqsVDv3vP341ZxZZJoA=", "last_login": null, "is_superuser": false, "username": "bobo", "first_name": "bobo", "last_name": "aubin", "email": "", "is_staff": false, "is_active": true, "date_joined": "2023-11-25T11:40:23Z", "profile_photo": "", "score": 0, "groups": [], "user_permissions": []}}, {"model": "api.customuser", "pk": 7, "fields": {"password": "pbkdf2_sha256$260000$sYfOX396dIc3DQIWhryjkw$HM2SPMG+30rXqOIYfe9DyIZmUcPDYQx65LOlId7u6CA=", "last_login": null, "is_superuser": false, "username": "kana", "first_name": "astere", "last_name": "kana", "email": "", "is_staff": false, "is_active": true, "date_joined": "2023-11-25T11:47:59Z", "profile_photo": "", "score": 0, "groups": [], "user_permissions": []}}, {"model": "api.customuser", "pk": 8, "fields": {"password": "pbkdf2_sha256$260000$rpo36UHrw8k1pJRGomNdfU$m07DceZfMvd19xI37/vns5a90L0nschLFlArsbIdQDY=", "last_login": null, "is_superuser": false, "username": "mugina", "first_name": "egide", "last_name": "mugina", "email": "", "is_staff": false, "is_active": true, "date_joined": "2023-11-26T16:30:09Z", "profile_photo": "", "score": 0, "groups": [], "user_permissions": []}}, {"model": "api.customuser", "pk": 9, "fields": {"password": "pbkdf2_sha256$260000$bQDWxPxoUeCh1m3yYbQjLX$faaHn18tOLXJ4Ai5E+nxcfILj8diAls1QuX0op7vAL4=", "last_login": null, "is_superuser": false, "username": "dondelice257", "first_name": "Don Delice", "last_name": "Dushime", "email": "dondelicedushime@gmail.com", "is_staff": false, "is_active": true, "date_joined": "2023-11-26T16:42:09Z", "profile_photo": "Delice_vYQ15H2.png", "score": 25, "groups": [], "user_permissions": []}}, {"model": "api.customuser", "pk": 10, "fields": {"password": "pbkdf2_sha256$260000$ASBJ33pksYZdbJ5p9nmDuo$5sPTxDLgSIlJDnvI0gdSsK9XDyGyEqjlNuRbfynGwYQ=", "last_login": null, "is_superuser": false, "username": "munika", "first_name": "yvan", "last_name": "munika", "email": "", "is_staff": false, "is_active": true, "date_joined": "2023-12-16T14:14:35Z", "profile_photo": "", "score": 0, "groups": [], "user_permissions": []}}, {"model": "api.customuser", "pk": 11, "fields": {"password": "pbkdf2_sha256$260000$RjShGuNmldtc9lPMwp4vhp$XO2TUrhUf++cw+OAa6Pqa4BHFShHOUGmTL2lan9XyFk=", "last_login": null, "is_superuser": false, "username": "yannick", "first_name": "yannick", "last_name": "mukunzi", "email": "", "is_staff": false, "is_active": true, "date_joined": "2023-12-16T20:19:38Z", "profile_photo": "", "score": 10, "groups": [], "user_permissions": []}}, {"model": "api.customuser", "pk": 12, "fields": {"password": "pbkdf2_sha256$260000$6Xxw6KnG18B5Op9n7PBSEr$rzMkOmdncue8SppmQBU4sbs10fJwWJ+7/KabQrrF8+I=", "last_login": null, "is_superuser": false, "username": "jackson12", "first_name": "jackson", "last_name": "Niyongabo", "email": "jackson@gmail.com", "is_staff": false, "is_active": true, "date_joined": "2023-12-17T11:10:02.682Z", "profile_photo": "", "score": 11, "groups": [], "user_permissions": []}}, {"model": "api.customuser", "pk": 13, "fields": {"password": "pbkdf2_sha256$260000$8nlnGsdSfLwUNyeAkvM14I$2tKXAh7ZLE02vAjKRhmwae820svwpLGy5ti76r8v8hc=", "last_login": null, "is_superuser": false, "username": "nyampinga", "first_name": "anny belinda", "last_name": "ingabire", "email": "belinda@gmail.com", "is_staff": false, "is_active": true, "date_joined": "2023-12-17T11:30:50.544Z", "profile_photo": "", "score": 1, "groups": [], "user_permissions": []}}, {"model": "api.customuser", "pk": 14, "fields": {"password": "pbkdf2_sha256$260000$H57uU34fhGMjBjGB4A4e2X$7Xvd0JcdshDA8hjQENEK051Vw1XNeUDZDEbAa1Q2ae4=", "last_login": null, "is_superuser": false, "username": "kariwabo", "first_name": "mechack", "last_name": "karimanzira", "email": "kari@gmail.com", "is_staff": false, "is_active": true, "date_joined": "2023-12-17T11:55:17.003Z", "profile_photo": "", "score": 0, "groups": [], "user_permissions": []}}, {"model": "api.customuser", "pk": 15, "fields": {"password": "pbkdf2_sha256$260000$Q161IQhE356wg4E6AOoEoV$p3aXtPhI4ozNLf5tGz68XQA0mHKGUxC1UwoIoQZPX6M=", "last_login": null, "is_superuser": false, "username": "benny", "first_name": "benny", "last_name": "kazima", "email": "beny@gmail.com", "is_staff": false, "is_active": true, "date_joined": "2023-12-18T06:16:07.141Z", "profile_photo": "", "score": 0, "groups": [], "user_permissions": []}}, {"model": "api.inyishu", "pk": 3, "fields": {"inyishu": "imigondoro y'ibiharage", "itariki": "2023-11-25T13:02:55.552Z"}}, {"model": "api.inyishu", "pk": 4, "fields": {"inyishu": "uruyuki", "itariki": "2023-11-25T20:18:07.867Z"}}, {"model": "api.inyishu", "pk": 5, "fields": {"inyishu": "Ubugeni bwaso na nyoko", "itariki": "2023-11-25T21:16:17.907Z"}}, {"model": "api.inyishu", "pk": 7, "fields": {"inyishu": "Imigondoro yibiharage", "itariki": "2023-11-25T21:16:47.267Z"}}, {"model": "api.inyishu", "pk": 8, "fields": {"inyishu": "Igitutu", "itariki": "2023-11-25T21:20:12.881Z"}}, {"model": "api.inyishu", "pk": 9, "fields": {"inyishu": "Akotsi k abungere", "itariki": "2023-11-25T21:21:54.099Z"}}, {"model": "api.inyishu", "pk": 10, "fields": {"inyishu": "Amabere y Inka", "itariki": "2023-11-25T21:23:43.979Z"}}, {"model": "api.inyishu", "pk": 11, "fields": {"inyishu": "Imitwe y Inzuzi", "itariki": "2023-11-25T21:28:51.397Z"}}, {"model": "api.inyishu", "pk": 12, "fields": {"inyishu": "Agahanga kimbwa", "itariki": "2023-11-25T21:29:08.312Z"}}, {"model": "api.inyishu", "pk": 13, "fields": {"inyishu": "Igikamiwe make", "itariki": "2023-11-25T21:29:25.519Z"}}, {"model": "api.inyishu", "pk": 14, "fields": {"inyishu": "Inkono kuziko", "itariki": "2023-11-25T21:29:42.234Z"}}, {"model": "api.inyishu", "pk": 15, "fields": {"inyishu": "Akotsi kabungere", "itariki": "2023-11-25T21:30:06.071Z"}}, {"model": "api.inyishu", "pk": 16, "fields": {"inyishu": "Umugore afise inda", "itariki": "2023-11-25T21:31:50.812Z"}}, {"model": "api.inyishu", "pk": 17, "fields": {"inyishu": "Impene muntama", "itariki": "2023-11-25T21:32:06.990Z"}}, {"model": "api.inyishu", "pk": 18, "fields": {"inyishu": "Ibijumbu", "itariki": "2023-11-25T21:32:22.413Z"}}, {"model": "api.inyishu", "pk": 19, "fields": {"inyishu": "Inkono y'umurango ntiryumwe", "itariki": "2023-11-25T22:21:03.655Z"}}, {"model": "api.inyishu", "pk": 20, "fields": {"inyishu": "Akato mumpange", "itariki": "2023-11-25T21:33:07.010Z"}}, {"model": "api.inyishu", "pk": 21, "fields": {"inyishu": "Ikivumvuri", "itariki": "2023-11-25T21:33:25.262Z"}}, {"model": "api.inyishu", "pk": 22, "fields": {"inyishu": "Ibigori bisimbije", "itariki": "2023-11-25T21:33:58.764Z"}}, {"model": "api.inyishu", "pk": 23, "fields": {"inyishu": "Inkumi yinkezi", "itariki": "2023-11-25T21:34:20.592Z"}}, {"model": "api.inyishu", "pk": 24, "fields": {"inyishu": "Impfizi z'intama zirwana", "itariki": "2023-11-25T21:34:43.246Z"}}, {"model": "api.inyishu", "pk": 25, "fields": {"inyishu": "Ibiyoba", "itariki": "2023-11-25T21:35:01.397Z"}}, {"model": "api.inyishu", "pk": 26, "fields": {"inyishu": "Umuyirwe w'ibigori", "itariki": "2023-11-25T21:36:26.062Z"}}, {"model": "api.inyishu", "pk": 27, "fields": {"inyishu": "amarenga", "itariki": "2023-11-25T21:36:49.294Z"}}, {"model": "api.inyishu", "pk": 28, "fields": {"inyishu": "Amajigo", "itariki": "2023-11-25T21:37:10.223Z"}}, {"model": "api.inyishu", "pk": 29, "fields": {"inyishu": "Amavunja", "itariki": "2023-11-25T21:37:25.761Z"}}, {"model": "api.inyishu", "pk": 30, "fields": {"inyishu": "Umuravyo", "itariki": "2023-11-25T21:37:41.884Z"}}, {"model": "api.inyishu", "pk": 31, "fields": {"inyishu": "Amaganga y'inkoko", "itariki": "2023-11-25T21:37:57.818Z"}}, {"model": "api.inyishu", "pk": 32, "fields": {"inyishu": "Ubuhanza", "itariki": "2023-11-25T21:47:13.354Z"}}, {"model": "api.inyishu", "pk": 33, "fields": {"inyishu": "Ikigori mu minwe", "itariki": "2023-11-25T21:47:32.499Z"}}, {"model": "api.inyishu", "pk": 34, "fields": {"inyishu": "Isusa", "itariki": "2023-11-25T21:47:48.458Z"}}, {"model": "api.inyishu", "pk": 35, "fields": {"inyishu": "Inyenyeri kwijuru", "itariki": "2023-11-25T21:48:05.290Z"}}, {"model": "api.inyishu", "pk": 36, "fields": {"inyishu": "Imirya y’inanga", "itariki": "2023-11-25T21:48:37.663Z"}}, {"model": "api.inyishu", "pk": 37, "fields": {"inyishu": "Inkingi z’inzu", "itariki": "2023-11-25T21:49:30.620Z"}}, {"model": "api.inyishu", "pk": 38, "fields": {"inyishu": "Amabere y’umugore / umukobwa", "itariki": "2023-11-25T21:49:55.919Z"}}, {"model": "api.inyishu", "pk": 39, "fields": {"inyishu": "Isusa/Ikiboroza/Igisuru", "itariki": "2023-11-25T21:50:15.127Z"}}, {"model": "api.inyishu", "pk": 40, "fields": {"inyishu": "Umuriro n’amazi/Umwijima n’umuriro/Umwijima n’umuco", "itariki": "2023-11-25T21:51:24.902Z"}}, {"model": "api.inyishu", "pk": 41, "fields": {"inyishu": "Ubukumi bwa nyoko/Ubusore bwa so/Ubugeni bwa so na nyoko", "itariki": "2023-11-25T21:51:43.724Z"}}, {"model": "api.inyishu", "pk": 42, "fields": {"inyishu": "Wotambika urucaca kuruzi ukajabuka", "itariki": "2023-11-25T21:52:02.974Z"}}, {"model": "api.inyishu", "pk": 43, "fields": {"inyishu": "Inzoka igenda itagira amaguru/Inkoko icutsa itonkeje", "itariki": "2023-11-25T21:54:41.100Z"}}, {"model": "api.inyishu", "pk": 44, "fields": {"inyishu": "Imyugariro", "itariki": "2023-11-25T21:54:58.723Z"}}, {"model": "api.inyishu", "pk": 45, "fields": {"inyishu": "Amateke", "itariki": "2023-11-25T21:55:21.446Z"}}, {"model": "api.inyishu", "pk": 46, "fields": {"inyishu": "Ifundi", "itariki": "2023-11-25T21:55:36.401Z"}}, {"model": "api.inyishu", "pk": 47, "fields": {"inyishu": "Itiro", "itariki": "2023-11-25T21:56:06.480Z"}}, {"model": "api.inyishu", "pk": 48, "fields": {"inyishu": "Inyundo", "itariki": "2023-11-25T21:56:22.157Z"}}, {"model": "api.inyishu", "pk": 49, "fields": {"inyishu": "Ijuru n’inyenyeri", "itariki": "2023-11-25T21:56:38.880Z"}}, {"model": "api.inyishu", "pk": 50, "fields": {"inyishu": "Akanyugunyugu", "itariki": "2023-11-25T21:56:55.358Z"}}, {"model": "api.inyishu", "pk": 51, "fields": {"inyishu": "Amabere", "itariki": "2023-11-25T21:57:18.091Z"}}, {"model": "api.inyishu", "pk": 52, "fields": {"inyishu": "Uruyuzi", "itariki": "2023-11-25T21:57:37.788Z"}}, {"model": "api.inyishu", "pk": 53, "fields": {"inyishu": "Intore n’intobotobo", "itariki": "2023-11-25T22:44:26.357Z"}}, {"model": "api.inyishu", "pk": 54, "fields": {"inyishu": "Umuryango w’inzu itugaye", "itariki": "2023-11-25T22:45:21.878Z"}}, {"model": "api.inyishu", "pk": 55, "fields": {"inyishu": "Umuzi w’ibuye", "itariki": "2023-11-25T22:46:48.498Z"}}, {"model": "api.inyishu", "pk": 59, "fields": {"inyishu": "Ubwoya bw’inka", "itariki": "2023-11-25T22:51:34.239Z"}}, {"model": "api.inyishu", "pk": 60, "fields": {"inyishu": "Imiravyo n’umuturagaro", "itariki": "2023-11-25T22:51:46.650Z"}}, {"model": "api.inyishu", "pk": 61, "fields": {"inyishu": "Inzira ija mu kigega", "itariki": "2023-11-25T22:52:01.336Z"}}, {"model": "api.inyishu", "pk": 62, "fields": {"inyishu": "Akanyarirajisho", "itariki": "2023-11-25T22:52:25.364Z"}}, {"model": "api.inyishu", "pk": 63, "fields": {"inyishu": "Umurima w’ibigori uhetse", "itariki": "2023-11-25T22:52:39.879Z"}}, {"model": "api.inyishu", "pk": 64, "fields": {"inyishu": "Imyenge y’inzu", "itariki": "2023-11-25T22:52:53.439Z"}}, {"model": "api.inyishu", "pk": 65, "fields": {"inyishu": "Umunyota", "itariki": "2023-11-25T22:53:07.433Z"}}, {"model": "api.inyishu", "pk": 66, "fields": {"inyishu": "Urusenge", "itariki": "2023-11-25T22:53:28.974Z"}}, {"model": "api.inyishu", "pk": 67, "fields": {"inyishu": "Imihwi", "itariki": "2023-11-25T22:53:46.980Z"}}, {"model": "api.inyishu", "pk": 68, "fields": {"inyishu": "Amashiga", "itariki": "2023-11-25T22:54:02.542Z"}}, {"model": "api.inyishu", "pk": 69, "fields": {"inyishu": "Umukenke", "itariki": "2023-11-25T22:54:19.234Z"}}, {"model": "api.inyishu", "pk": 70, "fields": {"inyishu": "Ifu", "itariki": "2023-11-25T22:54:36.440Z"}}, {"model": "api.inyishu", "pk": 71, "fields": {"inyishu": "Abahizi", "itariki": "2023-11-25T22:54:52.885Z"}}, {"model": "api.inyishu", "pk": 72, "fields": {"inyishu": "Agasongero", "itariki": "2023-11-25T22:55:17.160Z"}}, {"model": "api.inyishu", "pk": 73, "fields": {"inyishu": "Imirizo y’imbeba", "itariki": "2023-11-25T22:55:36.168Z"}}, {"model": "api.ikibazo", "pk": 3, "fields": {"igisokozo": "Icutabonye", "itariki": "2023-11-25T21:59:10.057Z", "inyishu": 5}}, {"model": "api.ikibazo", "pk": 4, "fields": {"igisokozo": "Abatama bakera baca imanza bunamye", "itariki": "2023-11-25T22:00:19.270Z", "inyishu": 3}}, {"model": "api.ikibazo", "pk": 5, "fields": {"igisokozo": "Ndakibona nsigifata", "itariki": "2023-11-25T22:05:54.922Z", "inyishu": 8}}, {"model": "api.ikibazo", "pk": 6, "fields": {"igisokozo": "Karayengera", "itariki": "2023-11-25T22:06:50.075Z", "inyishu": 9}}, {"model": "api.ikibazo", "pk": 7, "fields": {"igisokozo": "Umwana wanje yokunesha ari muto", "itariki": "2023-11-25T22:07:20.431Z", "inyishu": 4}}, {"model": "api.ikibazo", "pk": 8, "fields": {"igisokozo": "Ane meza", "itariki": "2023-11-25T22:07:38.906Z", "inyishu": 10}}, {"model": "api.ikibazo", "pk": 9, "fields": {"igisokozo": "Abana banje bakubita ibiganza hirya no hino", "itariki": "2023-11-25T22:10:22.920Z", "inyishu": 52}}, {"model": "api.ikibazo", "pk": 10, "fields": {"igisokozo": "Kira se katamobwa", "itariki": "2023-11-25T22:12:18.000Z", "inyishu": 12}}, {"model": "api.ikibazo", "pk": 11, "fields": {"igisokozo": "Uhhhmmm", "itariki": "2023-11-25T22:12:34.018Z", "inyishu": 13}}, {"model": "api.ikibazo", "pk": 12, "fields": {"igisokozo": "Aha twese turaririye umwe", "itariki": "2023-11-25T22:13:59.980Z", "inyishu": 14}}, {"model": "api.ikibazo", "pk": 13, "fields": {"igisokozo": "Aho hepfo haciye ingoma itavuga", "itariki": "2023-11-25T22:15:34.114Z", "inyishu": 16}}, {"model": "api.ikibazo", "pk": 14, "fields": {"igisokozo": "Wigera mu Barembe wari Umurembe!", "itariki": "2023-11-25T22:15:55.004Z", "inyishu": 17}}, {"model": "api.ikibazo", "pk": 15, "fields": {"igisokozo": "Abo kwa Ruringaniza bambariye imiringa mu kuzimu", "itariki": "2023-11-25T22:19:03.942Z", "inyishu": 18}}, {"model": "api.ikibazo", "pk": 16, "fields": {"igisokozo": "Akavumu kanje mpungurura bunyoni", "itariki": "2023-11-25T22:21:29.345Z", "inyishu": 19}}, {"model": "api.ikibazo", "pk": 17, "fields": {"igisokozo": "Karahinda iduri", "itariki": "2023-11-25T22:22:33.114Z", "inyishu": 20}}, {"model": "api.ikibazo", "pk": 18, "fields": {"igisokozo": "Urabona ngo bitugu vya sogokuru ansimbira urugo!", "itariki": "2023-11-25T22:22:57.383Z", "inyishu": 21}}, {"model": "api.ikibazo", "pk": 19, "fields": {"igisokozo": "Abagore ba kera baheka abana neza nayo ab'ubu ntumbarire", "itariki": "2023-11-25T22:23:29.208Z", "inyishu": 22}}, {"model": "api.ikibazo", "pk": 20, "fields": {"igisokozo": "Abakobwa bansanze ku mugina nti enda bakobwa nkirigita", "itariki": "2023-11-25T22:24:25.553Z", "inyishu": 23}}, {"model": "api.ikibazo", "pk": 21, "fields": {"igisokozo": "Abakuru baraho baca imanza bunamwe", "itariki": "2023-11-25T22:26:02.329Z", "inyishu": 24}}, {"model": "api.ikibazo", "pk": 22, "fields": {"igisokozo": "Abambara ba Ruhinda bambariye impeko mu kuzimu", "itariki": "2023-11-25T22:26:29.206Z", "inyishu": 25}}, {"model": "api.ikibazo", "pk": 23, "fields": {"igisokozo": "Abanyabuhura ntibubaka barahonjagira", "itariki": "2023-11-25T22:27:40.394Z", "inyishu": 26}}, {"model": "api.ikibazo", "pk": 24, "fields": {"igisokozo": "Abanyakigwa ntibubaka barahonjagira", "itariki": "2023-11-25T22:28:11.135Z", "inyishu": 27}}, {"model": "api.ikibazo", "pk": 25, "fields": {"igisokozo": "Abanyakirirmiro ntibubaka barahonjagira", "itariki": "2023-11-25T22:28:43.288Z", "inyishu": 28}}, {"model": "api.ikibazo", "pk": 26, "fields": {"igisokozo": "Abazungu ba bujumbura bambaye ibirato bose", "itariki": "2023-11-25T22:29:09.795Z", "inyishu": 29}}, {"model": "api.ikibazo", "pk": 27, "fields": {"igisokozo": "Agacumu kanje runyura bisaka", "itariki": "2023-11-25T22:30:56.996Z", "inyishu": 30}}, {"model": "api.ikibazo", "pk": 28, "fields": {"igisokozo": "Tora akato ntore akandi tuje kurondera ico tutari bubone", "itariki": "2023-11-25T22:31:24.066Z", "inyishu": 31}}, {"model": "api.ikibazo", "pk": 29, "fields": {"igisokozo": "Aho Jabwe na Soro barwaniye nubu ni inkumbagare", "itariki": "2023-11-25T22:32:15.268Z", "inyishu": 32}}, {"model": "api.ikibazo", "pk": 30, "fields": {"igisokozo": "Nkubise inyuma y’urugo nza ndatwenga", "itariki": "2023-11-25T22:32:41.480Z", "inyishu": 33}}, {"model": "api.ikibazo", "pk": 31, "fields": {"igisokozo": "Ubugabo buva hasi nokuriza ndi muto", "itariki": "2023-11-25T22:33:08.797Z", "inyishu": 34}}, {"model": "api.ikibazo", "pk": 32, "fields": {"igisokozo": "Urusenge rwanje rwuzuye inzahabu naho woraramwo ntiwoziharura", "itariki": "2023-11-25T22:33:45.662Z", "inyishu": 35}}, {"model": "api.ikibazo", "pk": 33, "fields": {"igisokozo": "Abana banje bazi gucuraranga bose", "itariki": "2023-11-25T22:34:50.134Z", "inyishu": 36}}, {"model": "api.ikibazo", "pk": 34, "fields": {"igisokozo": "Abagabo barara bahagaze bakirirwa bahagaze", "itariki": "2023-11-25T22:35:13.961Z", "inyishu": 37}}, {"model": "api.ikibazo", "pk": 35, "fields": {"igisokozo": "Tubana tutava aho turi ariko ntitwigera turamukanya", "itariki": "2023-11-25T22:35:42.381Z", "inyishu": 38}}, {"model": "api.ikibazo", "pk": 36, "fields": {"igisokozo": "Tubana dutinyana", "itariki": "2023-11-25T22:36:14.460Z", "inyishu": 40}}, {"model": "api.ikibazo", "pk": 37, "fields": {"igisokozo": "Bwenge bw’aha bwogutana", "itariki": "2023-11-25T22:36:48.629Z", "inyishu": 42}}, {"model": "api.ikibazo", "pk": 38, "fields": {"igisokozo": "Agafyiri gakamwa ayera", "itariki": "2023-11-25T22:37:32.124Z", "inyishu": 43}}, {"model": "api.ikibazo", "pk": 39, "fields": {"igisokozo": "Abagabo barara bahagaze bwaca bakaryama", "itariki": "2023-11-25T22:39:46.880Z", "inyishu": 44}}, {"model": "api.ikibazo", "pk": 40, "fields": {"igisokozo": "Ivyiza biva kuzimu vyambaye inyerere bigatambirwa n’Abamikazi", "itariki": "2023-11-25T22:40:40.714Z", "inyishu": 45}}, {"model": "api.ikibazo", "pk": 41, "fields": {"igisokozo": "Aho turi ku mbuga tungana twese", "itariki": "2023-11-25T22:41:06.814Z", "inyishu": 46}}, {"model": "api.ikibazo", "pk": 42, "fields": {"igisokozo": "Ndi mugiraneza muvyara w’urupfu", "itariki": "2023-11-25T22:41:57.951Z", "inyishu": 47}}, {"model": "api.ikibazo", "pk": 43, "fields": {"igisokozo": "Karahara mu ruganda ntibacura", "itariki": "2023-11-25T22:42:22.224Z", "inyishu": 48}}, {"model": "api.ikibazo", "pk": 44, "fields": {"igisokozo": "Kajuju ka Ntimba kiyereka aho katatumiwe", "itariki": "2023-11-25T22:43:13.567Z", "inyishu": 50}}, {"model": "api.ikibazo", "pk": 45, "fields": {"igisokozo": "Dusa tudasa", "itariki": "2023-11-25T22:56:11.067Z", "inyishu": 53}}, {"model": "api.ikibazo", "pk": 46, "fields": {"igisokozo": "Ntugire ubwoba ndasamye ariko sindyana", "itariki": "2023-11-25T22:56:35.241Z", "inyishu": 54}}, {"model": "api.ikibazo", "pk": 47, "fields": {"igisokozo": "Fata isuka mfate iyindi tuje kwimba ico tutabona", "itariki": "2023-11-25T22:57:01.232Z", "inyishu": 55}}, {"model": "api.ikibazo", "pk": 49, "fields": {"igisokozo": "Nasezeye umusezero kera kuri Cambarantama nubu nturasezuruka", "itariki": "2023-11-25T22:57:57.076Z", "inyishu": 59}}, {"model": "api.ikibazo", "pk": 50, "fields": {"igisokozo": "Aha ngo fye, hirya no hino ngo fye fye. Ngo twa", "itariki": "2023-11-25T22:58:26.734Z", "inyishu": 60}}, {"model": "api.ikibazo", "pk": 51, "fields": {"igisokozo": "Iyi nzira njanye, idashitse abanje barahera", "itariki": "2023-11-25T22:58:47.669Z", "inyishu": 61}}, {"model": "api.ikibazo", "pk": 52, "fields": {"igisokozo": "Akana kanje kokuriza ari gato", "itariki": "2023-11-25T22:59:09.658Z", "inyishu": 62}}, {"model": "api.ikibazo", "pk": 53, "fields": {"igisokozo": "Abeza bahetse n’ubusage ku mutwe", "itariki": "2023-11-25T22:59:42.333Z", "inyishu": 63}}, {"model": "api.ikibazo", "pk": 54, "fields": {"igisokozo": "ndavye hejuru ndanungwa", "itariki": "2023-12-15T16:51:47.427Z", "inyishu": 10}}, {"model": "authtoken.token", "pk": "16977a119c81b7d12177b3f8abd16b07db8eff07", "fields": {"user": 13, "created": "2023-12-17T11:31:58.898Z"}}, {"model": "authtoken.token", "pk": "705b36253041819afda4612965a67d4748ffe742", "fields": {"user": 12, "created": "2023-12-17T11:39:59.544Z"}}, {"model": "authtoken.token", "pk": "9aa821791a4fa78ab70ce4ab19dd4224f5767e48", "fields": {"user": 1, "created": "2023-12-16T21:23:51.516Z"}}, {"model": "authtoken.token", "pk": "cc8339298a7e877173378fbac7dfdf7ef1eac8cf", "fields": {"user": 10, "created": "2023-12-16T17:48:51.520Z"}}, {"model": "authtoken.token", "pk": "d79765e9ca197da9f1dbf4d6a8da9f2212b3e37e", "fields": {"user": 9, "created": "2023-12-16T17:50:54.002Z"}}]